time;response;expected;result
2024-03-08 03:24:55.281867;025c7a1680530c26bf7d7edce07847a7;025c7a1680530c26bf7d7edce07847a7;ok
2024-03-08 03:25:00.305303;025c7a1680530c26bf7d7edce07847a7;025c7a1680530c26bf7d7edce07847a7;ok
2024-03-08 03:25:05.330045;025c7a1680530c26bf7d7edce07847a7;025c7a1680530c26bf7d7edce07847a7;ok
2024-03-08 03:25:10.373786;025c7a1680530c26bf7d7edce07847a7;025c7a1680530c26bf7d7edce07847a7;ok
2024-03-08 03:25:15.397757;025c7a1680530c26bf7d7edce07847a7;025c7a1680530c26bf7d7edce07847a7;ok
2024-03-08 03:25:20.437296;025c7a1680530c26bf7d7edce07847a7;025c7a1680530c26bf7d7edce07847a7;ok
2024-03-08 03:25:25.472030;025c7a1680530c26bf7d7edce07847a7;025c7a1680530c26bf7d7edce07847a7;ok
2024-03-08 03:25:30.627294;025c7a1680530c26bf7d7edce07847a7;025c7a1680530c26bf7d7edce07847a7;ok
2024-03-08 03:25:35.682954;025c7a1680530c26bf7d7edce07847a7;025c7a1680530c26bf7d7edce07847a7;ok
2024-03-08 03:25:40.703583;025c7a1680530c26bf7d7edce07847a7;025c7a1680530c26bf7d7edce07847a7;ok
2024-03-08 03:25:45.728863;025c7a1680530c26bf7d7edce07847a7;025c7a1680530c26bf7d7edce07847a7;ok
2024-03-08 03:25:50.761237;025c7a1680530c26bf7d7edce07847a7;025c7a1680530c26bf7d7edce07847a7;ok
2024-03-08 03:25:55.781764;025c7a1680530c26bf7d7edce07847a7;025c7a1680530c26bf7d7edce07847a7;ok
2024-03-08 03:26:00.815405;025c7a1680530c26bf7d7edce07847a7;025c7a1680530c26bf7d7edce07847a7;ok
2024-03-08 03:26:05.847269;025c7a1680530c26bf7d7edce07847a7;025c7a1680530c26bf7d7edce07847a7;ok
2024-03-08 03:26:10.866585;025c7a1680530c26bf7d7edce07847a7;025c7a1680530c26bf7d7edce07847a7;ok
2024-03-08 03:26:15.894932;025c7a1680530c26bf7d7edce07847a7;025c7a1680530c26bf7d7edce07847a7;ok
2024-03-08 03:26:20.920571;025c7a1680530c26bf7d7edce07847a7;025c7a1680530c26bf7d7edce07847a7;ok
2024-03-08 03:26:25.952528;025c7a1680530c26bf7d7edce07847a7;025c7a1680530c26bf7d7edce07847a7;ok
2024-03-08 03:26:30.986021;025c7a1680530c26bf7d7edce07847a7;025c7a1680530c26bf7d7edce07847a7;ok
2024-03-08 03:26:36.031728;025c7a1680530c26bf7d7edce07847a7;025c7a1680530c26bf7d7edce07847a7;ok
2024-03-08 03:26:41.052895;025c7a1680530c26bf7d7edce07847a7;025c7a1680530c26bf7d7edce07847a7;ok
2024-03-08 03:26:46.082105;025c7a1680530c26bf7d7edce07847a7;025c7a1680530c26bf7d7edce07847a7;ok
2024-03-08 03:26:51.101935;025c7a1680530c26bf7d7edce07847a7;025c7a1680530c26bf7d7edce07847a7;ok
2024-03-08 03:26:56.125415;025c7a1680530c26bf7d7edce07847a7;025c7a1680530c26bf7d7edce07847a7;ok
2024-03-08 03:27:01.142236;025c7a1680530c26bf7d7edce07847a7;025c7a1680530c26bf7d7edce07847a7;ok
2024-03-08 03:27:06.171030;025c7a1680530c26bf7d7edce07847a7;025c7a1680530c26bf7d7edce07847a7;ok
2024-03-08 03:27:11.191044;025c7a1680530c26bf7d7edce07847a7;025c7a1680530c26bf7d7edce07847a7;ok
2024-03-08 03:27:16.216143;025c7a1680530c26bf7d7edce07847a7;025c7a1680530c26bf7d7edce07847a7;ok
2024-03-08 03:27:21.237697;025c7a1680530c26bf7d7edce07847a7;025c7a1680530c26bf7d7edce07847a7;ok
